{
  "v": "5.7.6",
  "fr": 30,
  "ip": 0,
  "op": 120,
  "w": 600,
  "h": 600,
  "nm": "worknotes-insights",
  "ddd": 0,
  "assets": [],
  "layers": [
    {
      "ddd": 0,
      "ind": 1,
      "ty": 4,
      "nm": "Circle Pulse",
      "sr": 1,
      "ks": {
        "o": { "a": 0, "k": 20 },
        "r": { "a": 0, "k": 0 },
        "p": { "a": 0, "k": [300, 300, 0] },
        "a": { "a": 0, "k": [0, 0, 0] },
        "s": {
          "a": 1,
          "k": [
            {
              "i": { "x": [0.667, 0.667, 0.667], "y": [1, 1, 1] },
              "o": { "x": [0.167, 0.167, 0.167], "y": [0, 0, 0] },
              "t": 0,
              "s": [0, 0, 100]
            },
            {
              "t": 60,
              "s": [120, 120, 100]
            }
          ]
        }
      },
      "shapes": [
        {
          "ty": "el",
          "p": { "a": 0, "k": [0, 0] },
          "s": { "a": 0, "k": [200, 200] },
          "nm": "Ellipse Path 1"
        },
        {
          "ty": "fl",
          "c": { "a": 0, "k": [0.051, 0.69, 0.404, 1] },
          "o": { "a": 0, "k": 100 },
          "r": 1,
          "nm": "Fill 1"
        },
        {
          "ty": "tr",
          "p": { "a": 0, "k": [0, 0] },
          "a": { "a": 0, "k": [0, 0] },
          "s": { "a": 0, "k": [100, 100] },
          "r": { "a": 0, "k": 0 },
          "o": { "a": 0, "k": 100 },
          "sk": { "a": 0, "k": 0 },
          "sa": { "a": 0, "k": 0 }
        }
      ],
      "ip": 0,
      "op": 120,
      "st": 0,
      "bm": 0
    },
    {
      "ddd": 0,
      "ind": 2,
      "ty": 4,
      "nm": "Orbit",
      "sr": 1,
      "ks": {
        "o": { "a": 0, "k": 90 },
        "r": { "a": 0, "k": 0 },
        "p": { "a": 0, "k": [300, 300, 0] },
        "a": { "a": 0, "k": [0, 0, 0] },
        "s": { "a": 0, "k": [100, 100, 100] }
      },
      "shapes": [
        {
          "ty": "sr",
          "p": { "a": 0, "k": [0, 0] },
          "s": { "a": 0, "k": 180 },
          "r": { "a": 0, "k": 0 },
          "pt": 6,
          "ir": 70,
          "is": 0,
          "os": 0,
          "nm": "Star Path 1"
        },
        {
          "ty": "st",
          "c": { "a": 0, "k": [0.118, 0.431, 0.922, 1] },
          "o": { "a": 0, "k": 100 },
          "w": { "a": 0, "k": 6 },
          "lc": 1,
          "lj": 1,
          "nm": "Stroke 1"
        },
        {
          "ty": "tr",
          "p": { "a": 0, "k": [0, 0] },
          "a": { "a": 0, "k": [0, 0] },
          "s": { "a": 0, "k": [100, 100] },
          "r": {
            "a": 1,
            "k": [
              {
                "t": 0,
                "s": 0
              },
              {
                "t": 120,
                "s": 360
              }
            ]
          },
          "o": { "a": 0, "k": 100 },
          "sk": { "a": 0, "k": 0 },
          "sa": { "a": 0, "k": 0 }
        }
      ],
      "ip": 0,
      "op": 120,
      "st": 0,
      "bm": 0
    },
    {
      "ddd": 0,
      "ind": 3,
      "ty": 4,
      "nm": "Signal Dots",
      "sr": 1,
      "ks": {
        "o": { "a": 0, "k": 100 },
        "r": { "a": 0, "k": 0 },
        "p": { "a": 0, "k": [300, 300, 0] },
        "a": { "a": 0, "k": [0, 0, 0] },
        "s": { "a": 0, "k": [100, 100, 100] }
      },
      "shapes": [
        {
          "ty": "gr",
          "nm": "Dots",
          "it": [
            {
              "ty": "rc",
              "nm": "Outer",
              "p": { "a": 0, "k": [0, 0] },
              "s": { "a": 0, "k": [350, 350] },
              "r": { "a": 0, "k": 100 }
            },
            {
              "ty": "st",
              "c": { "a": 0, "k": [0.051, 0.69, 0.404, 1] },
              "o": { "a": 0, "k": 20 },
              "w": { "a": 0, "k": 4 }
            },
            {
              "ty": "tm",
              "s": {
                "a": 1,
                "k": [
                  { "t": 0, "s": 0 },
                  { "t": 120, "s": 100 }
                ]
              },
              "e": {
                "a": 1,
                "k": [
                  { "t": 0, "s": 0 },
                  { "t": 120, "s": 100 }
                ]
              }
            },
            {
              "ty": "tr",
              "p": { "a": 0, "k": [0, 0] },
              "a": { "a": 0, "k": [0, 0] },
              "s": { "a": 0, "k": [100, 100] },
              "r": { "a": 0, "k": 0 },
              "o": { "a": 0, "k": 100 },
              "sk": { "a": 0, "k": 0 },
              "sa": { "a": 0, "k": 0 }
            }
          ]
        }
      ],
      "ip": 0,
      "op": 120,
      "st": 0,
      "bm": 0
    }
  ]
}
